"0","mod_2pl <- mirt(d_mat, 1, itemtype='2PL', verbose=TRUE,  technical=list(NCYCLES=3000))
"
"1","Iteration: 1, Log-Lik: -151847.358, Max-Change: 6.07303"
"1","Iteration: 2, Log-Lik: -142660.040, Max-Change: 1.09217"
"1","Iteration: 3, Log-Lik: -141702.939, Max-Change: 0.58814"
"1","Iteration: 4, Log-Lik: -141206.088, Max-Change: 0.43753"
"1","Iteration: 5, Log-Lik: -141014.961, Max-Change: 0.40404"
"1","Iteration: 6, Log-Lik: -140868.435, Max-Change: 0.33873"
"1","Iteration: 7, Log-Lik: -140669.353, Max-Change: 0.20316"
"1","Iteration: 8, Log-Lik: -140507.609, Max-Change: 0.20899"
"1","Iteration: 9, Log-Lik: -140375.617, Max-Change: 0.09882"
"1","Iteration: 10, Log-Lik: -140290.924, Max-Change: 0.08822"
"1","Iteration: 11, Log-Lik: -140218.312, Max-Change: 0.07430"
"1","Iteration: 12, Log-Lik: -140154.965, Max-Change: 0.07620"
"1","Iteration: 13, Log-Lik: -140088.232, Max-Change: 0.07721"
"1","Iteration: 14, Log-Lik: -140032.179, Max-Change: 0.08308"
"1","Iteration: 15, Log-Lik: -139985.450, Max-Change: 0.07948"
"1","Iteration: 16, Log-Lik: -139950.449, Max-Change: 0.07808"
"1","Iteration: 17, Log-Lik: -139914.186, Max-Change: 0.07534"
"1","Iteration: 18, Log-Lik: -139884.776, Max-Change: 0.06601"
"1","Iteration: 19, Log-Lik: -139858.207, Max-Change: 0.06575"
"1","Iteration: 20, Log-Lik: -139837.026, Max-Change: 0.06168"
"1","Iteration: 21, Log-Lik: -139818.120, Max-Change: 0.05973"
"1","Iteration: 22, Log-Lik: -139802.157, Max-Change: 0.05889"
"1","Iteration: 23, Log-Lik: -139787.812, Max-Change: 0.06243"
"1","Iteration: 24, Log-Lik: -139774.242, Max-Change: 0.06629"
"1","Iteration: 25, Log-Lik: -139759.882, Max-Change: 0.07132"
"1","Iteration: 26, Log-Lik: -139743.115, Max-Change: 0.07687"
"1","Iteration: 27, Log-Lik: -139722.298, Max-Change: 0.08091"
"1","Iteration: 28, Log-Lik: -139697.137, Max-Change: 0.08145"
"1","Iteration: 29, Log-Lik: -139670.713, Max-Change: 0.08152"
"1","Iteration: 30, Log-Lik: -139647.634, Max-Change: 0.05483"
"1","Iteration: 31, Log-Lik: -139628.040, Max-Change: 0.05116"
"1","Iteration: 32, Log-Lik: -139612.061, Max-Change: 0.04824"
"1","Iteration: 33, Log-Lik: -139599.709, Max-Change: 0.03929"
"1","Iteration: 34, Log-Lik: -139590.512, Max-Change: 0.03411"
"1","Iteration: 35, Log-Lik: -139583.665, Max-Change: 0.03079"
"1","Iteration: 36, Log-Lik: -139578.351, Max-Change: 0.02975"
"1","Iteration: 37, Log-Lik: -139574.105, Max-Change: 0.02791"
"1","Iteration: 38, Log-Lik: -139570.560, Max-Change: 0.02580"
"1","Iteration: 39, Log-Lik: -139567.463, Max-Change: 0.02587"
"1","Iteration: 40, Log-Lik: -139551.627, Max-Change: 0.07373"
"1","Iteration: 41, Log-Lik: -139547.443, Max-Change: 0.08208"
"1","Iteration: 42, Log-Lik: -139541.949, Max-Change: 0.08386"
"1","Iteration: 43, Log-Lik: -139536.234, Max-Change: 0.09575"
"1","Iteration: 44, Log-Lik: -139530.957, Max-Change: 0.09009"
"1","Iteration: 45, Log-Lik: -139526.400, Max-Change: 0.08423"
"1","Iteration: 46, Log-Lik: -139516.846, Max-Change: 0.09611"
"1","Iteration: 47, Log-Lik: -139513.236, Max-Change: 0.06090"
"1","Iteration: 48, Log-Lik: -139511.053, Max-Change: 0.04913"
"1","Iteration: 49, Log-Lik: -139506.771, Max-Change: 0.04744"
"1","Iteration: 50, Log-Lik: -139504.529, Max-Change: 0.04027"
"1","Iteration: 51, Log-Lik: -139502.788, Max-Change: 0.03976"
"1","Iteration: 52, Log-Lik: -139500.388, Max-Change: 0.02881"
"1","Iteration: 53, Log-Lik: -139499.962, Max-Change: 0.00264"
"1","Iteration: 54, Log-Lik: -139499.880, Max-Change: 0.00266"
"1","Iteration: 55, Log-Lik: -139499.824, Max-Change: 0.00404"
"1","Iteration: 56, Log-Lik: -139499.800, Max-Change: 0.00061"
"1","Iteration: 57, Log-Lik: -139499.792, Max-Change: 0.00099"
"1","Iteration: 58, Log-Lik: -139499.780, Max-Change: 0.00487"
"1","Iteration: 59, Log-Lik: -139499.778, Max-Change: 0.00337"
"1","Iteration: 60, Log-Lik: -139499.777, Max-Change: 0.00232"
"1","Iteration: 61, Log-Lik: -139499.776, Max-Change: 0.00248"
"1","Iteration: 62, Log-Lik: -139499.769, Max-Change: 0.00099"
"1","Iteration: 63, Log-Lik: -139499.768, Max-Change: 0.00251"
"1","Iteration: 64, Log-Lik: -139499.766, Max-Change: 0.00324"
"1","Iteration: 65, Log-Lik: -139499.758, Max-Change: 0.00206"
"1","Iteration: 66, Log-Lik: -139499.757, Max-Change: 0.00141"
"1","Iteration: 67, Log-Lik: -139499.756, Max-Change: 0.00142"
"1","Iteration: 68, Log-Lik: -139499.755, Max-Change: 0.00221"
"1","Iteration: 69, Log-Lik: -139499.754, Max-Change: 0.00152"
"1","Iteration: 70, Log-Lik: -139499.753, Max-Change: 0.00141"
"1","Iteration: 71, Log-Lik: -139499.752, Max-Change: 0.00217"
"1","Iteration: 72, Log-Lik: -139499.751, Max-Change: 0.00149"
"1","Iteration: 73, Log-Lik: -139499.751, Max-Change: 0.00124"
"1","Iteration: 74, Log-Lik: -139499.749, Max-Change: 0.00187"
"1","Iteration: 75, Log-Lik: -139499.749, Max-Change: 0.00128"
"1","Iteration: 76, Log-Lik: -139499.749, Max-Change: 0.00128"
"1","Iteration: 77, Log-Lik: -139499.747, Max-Change: 0.00109"
"1","Iteration: 78, Log-Lik: -139499.747, Max-Change: 0.00074"
"1","Iteration: 79, Log-Lik: -139499.747, Max-Change: 0.00124"
"1","Iteration: 80, Log-Lik: -139499.745, Max-Change: 0.00073"
"1","Iteration: 81, Log-Lik: -139499.745, Max-Change: 0.00255"
"1","Iteration: 82, Log-Lik: -139499.745, Max-Change: 0.00430"
"1","Iteration: 83, Log-Lik: -139499.744, Max-Change: 0.00298"
"1","Iteration: 84, Log-Lik: -139499.744, Max-Change: 0.00205"
"1","Iteration: 85, Log-Lik: -139499.743, Max-Change: 0.00213"
"1","Iteration: 86, Log-Lik: -139499.743, Max-Change: 0.00321"
"1","Iteration: 87, Log-Lik: -139499.742, Max-Change: 0.00221"
"1","Iteration: 88, Log-Lik: -139499.742, Max-Change: 0.00254"
"1","Iteration: 89, Log-Lik: -139499.742, Max-Change: 0.00383"
"1","Iteration: 90, Log-Lik: -139499.741, Max-Change: 0.00264"
"1","Iteration: 91, Log-Lik: -139499.741, Max-Change: 0.00069"
"1","Iteration: 92, Log-Lik: -139499.741, Max-Change: 0.00240"
"1","Iteration: 93, Log-Lik: -139499.741, Max-Change: 0.00354"
"1","Iteration: 94, Log-Lik: -139499.740, Max-Change: 0.00048"
"1","Iteration: 95, Log-Lik: -139499.740, Max-Change: 0.00168"
"1","Iteration: 96, Log-Lik: -139499.739, Max-Change: 0.00247"
"1","Iteration: 97, Log-Lik: -139499.739, Max-Change: 0.00051"
"1","Iteration: 98, Log-Lik: -139499.739, Max-Change: 0.00180"
"1","Iteration: 99, Log-Lik: -139499.739, Max-Change: 0.00266"
"1","Iteration: 100, Log-Lik: -139499.738, Max-Change: 0.00046"
"1","Iteration: 101, Log-Lik: -139499.738, Max-Change: 0.00162"
"1","Iteration: 102, Log-Lik: -139499.738, Max-Change: 0.00238"
"1","Iteration: 103, Log-Lik: -139499.738, Max-Change: 0.00044"
"1","Iteration: 104, Log-Lik: -139499.738, Max-Change: 0.00155"
"1","Iteration: 105, Log-Lik: -139499.737, Max-Change: 0.00229"
"1","Iteration: 106, Log-Lik: -139499.737, Max-Change: 0.00041"
"1","Iteration: 107, Log-Lik: -139499.737, Max-Change: 0.00145"
"1","Iteration: 108, Log-Lik: -139499.737, Max-Change: 0.00214"
"1","Iteration: 109, Log-Lik: -139499.737, Max-Change: 0.00039"
"1","Iteration: 110, Log-Lik: -139499.736, Max-Change: 0.00138"
"1","Iteration: 111, Log-Lik: -139499.736, Max-Change: 0.00203"
"1","Iteration: 112, Log-Lik: -139499.736, Max-Change: 0.00037"
"1","Iteration: 113, Log-Lik: -139499.736, Max-Change: 0.00130"
"1","Iteration: 114, Log-Lik: -139499.736, Max-Change: 0.00191"
"1","Iteration: 115, Log-Lik: -139499.736, Max-Change: 0.00035"
"1","Iteration: 116, Log-Lik: -139499.736, Max-Change: 0.00123"
"1","Iteration: 117, Log-Lik: -139499.735, Max-Change: 0.00181"
"1","Iteration: 118, Log-Lik: -139499.735, Max-Change: 0.00033"
"1","Iteration: 119, Log-Lik: -139499.735, Max-Change: 0.00116"
"1","Iteration: 120, Log-Lik: -139499.735, Max-Change: 0.00171"
"1","Iteration: 121, Log-Lik: -139499.735, Max-Change: 0.00031"
"1","Iteration: 122, Log-Lik: -139499.735, Max-Change: 0.00110"
"1","Iteration: 123, Log-Lik: -139499.735, Max-Change: 0.00162"
"1","Iteration: 124, Log-Lik: -139499.735, Max-Change: 0.00030"
"1","Iteration: 125, Log-Lik: -139499.735, Max-Change: 0.00105"
"1","Iteration: 126, Log-Lik: -139499.734, Max-Change: 0.00153"
"1","Iteration: 127, Log-Lik: -139499.734, Max-Change: 0.00028"
"1","Iteration: 128, Log-Lik: -139499.734, Max-Change: 0.00104"
"1","Iteration: 129, Log-Lik: -139499.734, Max-Change: 0.00145"
"1","Iteration: 130, Log-Lik: -139499.734, Max-Change: 0.00027"
"1","Iteration: 131, Log-Lik: -139499.734, Max-Change: 0.00103"
"1","Iteration: 132, Log-Lik: -139499.734, Max-Change: 0.00138"
"1","Iteration: 133, Log-Lik: -139499.734, Max-Change: 0.00025"
"1","Iteration: 134, Log-Lik: -139499.734, Max-Change: 0.00102"
"1","Iteration: 135, Log-Lik: -139499.734, Max-Change: 0.00131"
"1","Iteration: 136, Log-Lik: -139499.734, Max-Change: 0.00024"
"1","Iteration: 137, Log-Lik: -139499.734, Max-Change: 0.00100"
"1","Iteration: 138, Log-Lik: -139499.734, Max-Change: 0.00124"
"1","Iteration: 139, Log-Lik: -139499.733, Max-Change: 0.00023"
"1","Iteration: 140, Log-Lik: -139499.733, Max-Change: 0.00099"
"1","Iteration: 141, Log-Lik: -139499.733, Max-Change: 0.00118"
"1","Iteration: 142, Log-Lik: -139499.733, Max-Change: 0.00022"
"1","Iteration: 143, Log-Lik: -139499.733, Max-Change: 0.00098"
"1","Iteration: 144, Log-Lik: -139499.733, Max-Change: 0.00113"
"1","Iteration: 145, Log-Lik: -139499.733, Max-Change: 0.00021"
"1","Iteration: 146, Log-Lik: -139499.733, Max-Change: 0.00097"
"1","Iteration: 147, Log-Lik: -139499.733, Max-Change: 0.00107"
"1","Iteration: 148, Log-Lik: -139499.733, Max-Change: 0.00020"
"1","Iteration: 149, Log-Lik: -139499.733, Max-Change: 0.00096"
"1","Iteration: 150, Log-Lik: -139499.733, Max-Change: 0.00102"
"1","Iteration: 151, Log-Lik: -139499.733, Max-Change: 0.00019"
"1","Iteration: 152, Log-Lik: -139499.733, Max-Change: 0.00095"
"1","Iteration: 153, Log-Lik: -139499.733, Max-Change: 0.00098"
"1","Iteration: 154, Log-Lik: -139499.733, Max-Change: 0.00019"
"1","Iteration: 155, Log-Lik: -139499.733, Max-Change: 0.00093"
"1","Iteration: 156, Log-Lik: -139499.733, Max-Change: 0.00094"
"1","Iteration: 157, Log-Lik: -139499.733, Max-Change: 0.00019"
"1","Iteration: 158, Log-Lik: -139499.733, Max-Change: 0.00092"
"1","Iteration: 159, Log-Lik: -139499.733, Max-Change: 0.00090"
"1","Iteration: 160, Log-Lik: -139499.733, Max-Change: 0.00018"
"1","Iteration: 161, Log-Lik: -139499.732, Max-Change: 0.00091"
"1","Iteration: 162, Log-Lik: -139499.732, Max-Change: 0.00086"
"1","Iteration: 163, Log-Lik: -139499.732, Max-Change: 0.00018"
"1","Iteration: 164, Log-Lik: -139499.732, Max-Change: 0.00090"
"1","Iteration: 165, Log-Lik: -139499.732, Max-Change: 0.00082"
"1","Iteration: 166, Log-Lik: -139499.732, Max-Change: 0.00018"
"1","Iteration: 167, Log-Lik: -139499.732, Max-Change: 0.00089"
"1","Iteration: 168, Log-Lik: -139499.732, Max-Change: 0.00079"
"1","Iteration: 169, Log-Lik: -139499.732, Max-Change: 0.00018"
"1","Iteration: 170, Log-Lik: -139499.732, Max-Change: 0.00088"
"1","Iteration: 171, Log-Lik: -139499.732, Max-Change: 0.00076"
"1","Iteration: 172, Log-Lik: -139499.732, Max-Change: 0.00017"
"1","Iteration: 173, Log-Lik: -139499.732, Max-Change: 0.00087"
"1","Iteration: 174, Log-Lik: -139499.732, Max-Change: 0.00073"
"1","Iteration: 175, Log-Lik: -139499.732, Max-Change: 0.00017"
"1","Iteration: 176, Log-Lik: -139499.732, Max-Change: 0.00086"
"1","Iteration: 177, Log-Lik: -139499.732, Max-Change: 0.00070"
"1","Iteration: 178, Log-Lik: -139499.732, Max-Change: 0.00017"
"1","Iteration: 179, Log-Lik: -139499.732, Max-Change: 0.00085"
"1","Iteration: 180, Log-Lik: -139499.732, Max-Change: 0.00068"
"1","Iteration: 181, Log-Lik: -139499.732, Max-Change: 0.00017"
"1","Iteration: 182, Log-Lik: -139499.732, Max-Change: 0.00084"
"1","Iteration: 183, Log-Lik: -139499.732, Max-Change: 0.00066"
"1","Iteration: 184, Log-Lik: -139499.732, Max-Change: 0.00017"
"1","Iteration: 185, Log-Lik: -139499.732, Max-Change: 0.00083"
"1","Iteration: 186, Log-Lik: -139499.732, Max-Change: 0.00063"
"1","Iteration: 187, Log-Lik: -139499.732, Max-Change: 0.00016"
"1","Iteration: 188, Log-Lik: -139499.732, Max-Change: 0.00082"
"1","Iteration: 189, Log-Lik: -139499.732, Max-Change: 0.00061"
"1","Iteration: 190, Log-Lik: -139499.732, Max-Change: 0.00016"
"1","Iteration: 191, Log-Lik: -139499.732, Max-Change: 0.00081"
"1","Iteration: 192, Log-Lik: -139499.732, Max-Change: 0.00059"
"1","Iteration: 193, Log-Lik: -139499.732, Max-Change: 0.00016"
"1","Iteration: 194, Log-Lik: -139499.732, Max-Change: 0.00080"
"1","Iteration: 195, Log-Lik: -139499.732, Max-Change: 0.00058"
"1","Iteration: 196, Log-Lik: -139499.732, Max-Change: 0.00016"
"1","Iteration: 197, Log-Lik: -139499.732, Max-Change: 0.00079"
"1","Iteration: 198, Log-Lik: -139499.732, Max-Change: 0.00056"
"1","Iteration: 199, Log-Lik: -139499.732, Max-Change: 0.00078"
"1","Iteration: 200, Log-Lik: -139499.732, Max-Change: 0.00079"
"1","Iteration: 201, Log-Lik: -139499.732, Max-Change: 0.00054"
"1","Iteration: 202, Log-Lik: -139499.732, Max-Change: 0.00015"
"1","Iteration: 203, Log-Lik: -139499.732, Max-Change: 0.00077"
"1","Iteration: 204, Log-Lik: -139499.732, Max-Change: 0.00075"
"1","Iteration: 205, Log-Lik: -139499.732, Max-Change: 0.00076"
"1","Iteration: 206, Log-Lik: -139499.732, Max-Change: 0.00062"
"1","Iteration: 207, Log-Lik: -139499.732, Max-Change: 0.00043"
"1","Iteration: 208, Log-Lik: -139499.732, Max-Change: 0.00015"
"1","Iteration: 209, Log-Lik: -139499.732, Max-Change: 0.00075"
"1","Iteration: 210, Log-Lik: -139499.732, Max-Change: 0.00055"
"1","Iteration: 211, Log-Lik: -139499.732, Max-Change: 0.00074"
"1","Iteration: 212, Log-Lik: -139499.732, Max-Change: 0.00068"
"1","Iteration: 213, Log-Lik: -139499.732, Max-Change: 0.00047"
"1","Iteration: 214, Log-Lik: -139499.732, Max-Change: 0.00015"
"1","Iteration: 215, Log-Lik: -139499.732, Max-Change: 0.00073"
"1","Iteration: 216, Log-Lik: -139499.732, Max-Change: 0.00064"
"1","Iteration: 217, Log-Lik: -139499.732, Max-Change: 0.00072"
"1","Iteration: 218, Log-Lik: -139499.732, Max-Change: 0.00058"
"1","Iteration: 219, Log-Lik: -139499.732, Max-Change: 0.00040"
"1","Iteration: 220, Log-Lik: -139499.731, Max-Change: 0.00014"
"1","Iteration: 221, Log-Lik: -139499.731, Max-Change: 0.00071"
"1","Iteration: 222, Log-Lik: -139499.731, Max-Change: 0.00052"
"1","Iteration: 223, Log-Lik: -139499.731, Max-Change: 0.00071"
"1","Iteration: 224, Log-Lik: -139499.731, Max-Change: 0.00061"
"1","Iteration: 225, Log-Lik: -139499.731, Max-Change: 0.00042"
"1","Iteration: 226, Log-Lik: -139499.731, Max-Change: 0.00014"
"1","Iteration: 227, Log-Lik: -139499.731, Max-Change: 0.00070"
"1","Iteration: 228, Log-Lik: -139499.731, Max-Change: 0.00057"
"1","Iteration: 229, Log-Lik: -139499.731, Max-Change: 0.00069"
"1","Iteration: 230, Log-Lik: -139499.731, Max-Change: 0.00054"
"1","Iteration: 231, Log-Lik: -139499.731, Max-Change: 0.00037"
"1","Iteration: 232, Log-Lik: -139499.731, Max-Change: 0.00014"
"1","Iteration: 233, Log-Lik: -139499.731, Max-Change: 0.00068"
"1","Iteration: 234, Log-Lik: -139499.731, Max-Change: 0.00049"
"1","Iteration: 235, Log-Lik: -139499.731, Max-Change: 0.00067"
"1","Iteration: 236, Log-Lik: -139499.731, Max-Change: 0.00055"
"1","Iteration: 237, Log-Lik: -139499.731, Max-Change: 0.00038"
"1","Iteration: 238, Log-Lik: -139499.731, Max-Change: 0.00013"
"1","Iteration: 239, Log-Lik: -139499.731, Max-Change: 0.00066"
"1","Iteration: 240, Log-Lik: -139499.731, Max-Change: 0.00051"
"1","Iteration: 241, Log-Lik: -139499.731, Max-Change: 0.00066"
"1","Iteration: 242, Log-Lik: -139499.731, Max-Change: 0.00051"
"1","Iteration: 243, Log-Lik: -139499.731, Max-Change: 0.00035"
"1","Iteration: 244, Log-Lik: -139499.731, Max-Change: 0.00013"
"1","Iteration: 245, Log-Lik: -139499.731, Max-Change: 0.00065"
"1","Iteration: 246, Log-Lik: -139499.731, Max-Change: 0.00046"
"1","Iteration: 247, Log-Lik: -139499.731, Max-Change: 0.00064"
"1","Iteration: 248, Log-Lik: -139499.731, Max-Change: 0.00051"
"1","Iteration: 249, Log-Lik: -139499.731, Max-Change: 0.00035"
"1","Iteration: 250, Log-Lik: -139499.731, Max-Change: 0.00013"
"1","Iteration: 251, Log-Lik: -139499.731, Max-Change: 0.00063"
"1","Iteration: 252, Log-Lik: -139499.731, Max-Change: 0.00047"
"1","Iteration: 253, Log-Lik: -139499.731, Max-Change: 0.00062"
"1","Iteration: 254, Log-Lik: -139499.731, Max-Change: 0.00048"
"1","Iteration: 255, Log-Lik: -139499.731, Max-Change: 0.00033"
"1","Iteration: 256, Log-Lik: -139499.731, Max-Change: 0.00012"
"1","Iteration: 257, Log-Lik: -139499.731, Max-Change: 0.00062"
"1","Iteration: 258, Log-Lik: -139499.731, Max-Change: 0.00043"
"1","Iteration: 259, Log-Lik: -139499.731, Max-Change: 0.00061"
"1","Iteration: 260, Log-Lik: -139499.731, Max-Change: 0.00047"
"1","Iteration: 261, Log-Lik: -139499.731, Max-Change: 0.00032"
"1","Iteration: 262, Log-Lik: -139499.731, Max-Change: 0.00012"
"1","Iteration: 263, Log-Lik: -139499.731, Max-Change: 0.00060"
"1","Iteration: 264, Log-Lik: -139499.731, Max-Change: 0.00043"
"1","Iteration: 265, Log-Lik: -139499.731, Max-Change: 0.00059"
"1","Iteration: 266, Log-Lik: -139499.731, Max-Change: 0.00045"
"1","Iteration: 267, Log-Lik: -139499.731, Max-Change: 0.00031"
"1","Iteration: 268, Log-Lik: -139499.731, Max-Change: 0.00012"
"1","Iteration: 269, Log-Lik: -139499.731, Max-Change: 0.00059"
"1","Iteration: 270, Log-Lik: -139499.731, Max-Change: 0.00041"
"1","Iteration: 271, Log-Lik: -139499.731, Max-Change: 0.00058"
"1","Iteration: 272, Log-Lik: -139499.731, Max-Change: 0.00044"
"1","Iteration: 273, Log-Lik: -139499.731, Max-Change: 0.00030"
"1","Iteration: 274, Log-Lik: -139499.731, Max-Change: 0.00011"
"1","Iteration: 275, Log-Lik: -139499.731, Max-Change: 0.00057"
"1","Iteration: 276, Log-Lik: -139499.731, Max-Change: 0.00040"
"1","Iteration: 277, Log-Lik: -139499.731, Max-Change: 0.00056"
"1","Iteration: 278, Log-Lik: -139499.731, Max-Change: 0.00042"
"1","Iteration: 279, Log-Lik: -139499.731, Max-Change: 0.00029"
"1","Iteration: 280, Log-Lik: -139499.731, Max-Change: 0.00011"
"1","Iteration: 281, Log-Lik: -139499.731, Max-Change: 0.00056"
"1","Iteration: 282, Log-Lik: -139499.731, Max-Change: 0.00039"
"1","Iteration: 283, Log-Lik: -139499.731, Max-Change: 0.00055"
"1","Iteration: 284, Log-Lik: -139499.731, Max-Change: 0.00041"
"1","Iteration: 285, Log-Lik: -139499.731, Max-Change: 0.00028"
"1","Iteration: 286, Log-Lik: -139499.731, Max-Change: 0.00011"
"1","Iteration: 287, Log-Lik: -139499.731, Max-Change: 0.00054"
"1","Iteration: 288, Log-Lik: -139499.731, Max-Change: 0.00038"
"1","Iteration: 289, Log-Lik: -139499.731, Max-Change: 0.00054"
"1","Iteration: 290, Log-Lik: -139499.731, Max-Change: 0.00040"
"1","Iteration: 291, Log-Lik: -139499.731, Max-Change: 0.00027"
"1","Iteration: 292, Log-Lik: -139499.731, Max-Change: 0.00011"
"1","Iteration: 293, Log-Lik: -139499.731, Max-Change: 0.00053"
"1","Iteration: 294, Log-Lik: -139499.731, Max-Change: 0.00036"
"1","Iteration: 295, Log-Lik: -139499.731, Max-Change: 0.00052"
"1","Iteration: 296, Log-Lik: -139499.731, Max-Change: 0.00039"
"1","Iteration: 297, Log-Lik: -139499.731, Max-Change: 0.00027"
"1","Iteration: 298, Log-Lik: -139499.731, Max-Change: 0.00010"
"1","Iteration: 299, Log-Lik: -139499.731, Max-Change: 0.00052"
"1","Iteration: 300, Log-Lik: -139499.731, Max-Change: 0.00036"
"1","Iteration: 301, Log-Lik: -139499.731, Max-Change: 0.00051"
"1","Iteration: 302, Log-Lik: -139499.731, Max-Change: 0.00038"
"1","Iteration: 303, Log-Lik: -139499.731, Max-Change: 0.00026"
"1","Iteration: 304, Log-Lik: -139499.731, Max-Change: 0.00010"
"1","Iteration: 305, Log-Lik: -139499.731, Max-Change: 0.00050"
"1","Iteration: 306, Log-Lik: -139499.731, Max-Change: 0.00034"
"1","Iteration: 307, Log-Lik: -139499.731, Max-Change: 0.00050"
"1","Iteration: 308, Log-Lik: -139499.731, Max-Change: 0.00037"
"1","Iteration: 309, Log-Lik: -139499.731, Max-Change: 0.00025"
"1","Iteration: 310, Log-Lik: -139499.731, Max-Change: 0.00010"
"1","
"
"0","coefs_2pl <- as_tibble(coef(mod_2pl, simplify = TRUE)$items) %>%"
"0","  mutate(definition = rownames(coef(mod_2pl, simplify = TRUE)$items))"
"0","fscores_2pl <- tibble(data_id = rownames(d_mat), "
"0","                             ability = fscores(mod_2pl, method = ""MAP"")[,1])"
"1",""
"1"," "
"1"," |                                                  |"
"1"," "
"1","0 % ~calculating  "
"1",""
"1"," "
"1"," |+                                                 |"
"1"," "
"1","0 % ~17s          "
"1",""
"1"," "
"1"," |+                                                 |"
"1"," "
"1","0 % ~15s          "
"1",""
"1"," "
"1"," |+                                                 |"
"1"," "
"1","1 % ~13s          "
"1",""
"1"," "
"1"," |+                                                 |"
"1"," "
"1","1 % ~13s          "
"1",""
"1"," "
"1"," |+                                                 |"
"1"," "
"1","1 % ~13s          "
"1",""
"1"," "
"1"," |+                                                 |"
"1"," "
"1","1 % ~13s          "
"1",""
"1"," "
"1"," |+                                                 |"
"1"," "
"1","2 % ~13s          "
"1",""
"1"," "
"1"," |+                                                 |"
"1"," "
"1","2 % ~12s          "
"1",""
"1"," "
"1"," |++                                                |"
"1"," "
"1","2 % ~12s          "
"1",""
"1"," "
"1"," |++                                                |"
"1"," "
"1","2 % ~12s          "
"1",""
"1"," "
"1"," |++                                                |"
"1"," "
"1","3 % ~12s          "
"1",""
"1"," "
"1"," |++                                                |"
"1"," "
"1","3 % ~12s          "
"1",""
"1"," "
"1"," |++                                                |"
"1"," "
"1","3 % ~12s          "
"1",""
"1"," "
"1"," |++                                                |"
"1"," "
"1","3 % ~12s          "
"1",""
"1"," "
"1"," |++                                                |"
"1"," "
"1","4 % ~12s          "
"1",""
"1"," "
"1"," |++                                                |"
"1"," "
"1","4 % ~12s          "
"1",""
"1"," "
"1"," |+++                                               |"
"1"," "
"1","4 % ~12s          "
"1",""
"1"," "
"1"," |+++                                               |"
"1"," "
"1","4 % ~11s          "
"1",""
"1"," "
"1"," |+++                                               |"
"1"," "
"1","5 % ~12s          "
"1",""
"1"," "
"1"," |+++                                               |"
"1"," "
"1","5 % ~12s          "
"1",""
"1"," "
"1"," |+++                                               |"
"1"," "
"1","5 % ~11s          "
"1",""
"1"," "
"1"," |+++                                               |"
"1"," "
"1","5 % ~11s          "
"1",""
"1"," "
"1"," |+++                                               |"
"1"," "
"1","6 % ~11s          "
"1",""
"1"," "
"1"," |+++                                               |"
"1"," "
"1","6 % ~11s          "
"1",""
"1"," "
"1"," |+++                                               |"
"1"," "
"1","6 % ~11s          "
"1",""
"1"," "
"1"," |++++                                              |"
"1"," "
"1","6 % ~11s          "
"1",""
"1"," "
"1"," |++++                                              |"
"1"," "
"1","6 % ~11s          "
"1",""
"1"," "
"1"," |++++                                              |"
"1"," "
"1","7 % ~11s          "
"1",""
"1"," "
"1"," |++++                                              |"
"1"," "
"1","7 % ~11s          "
"1",""
"1"," "
"1"," |++++                                              |"
"1"," "
"1","7 % ~11s          "
"1",""
"1"," "
"1"," |++++                                              |"
"1"," "
"1","7 % ~11s          "
"1",""
"1"," "
"1"," |++++                                              |"
"1"," "
"1","8 % ~11s          "
"1",""
"1"," "
"1"," |++++                                              |"
"1"," "
"1","8 % ~11s          "
"1",""
"1"," "
"1"," |+++++                                             |"
"1"," "
"1","8 % ~11s          "
"1",""
"1"," "
"1"," |+++++                                             |"
"1"," "
"1","8 % ~11s          "
"1",""
"1"," "
"1"," |+++++                                             |"
"1"," "
"1","9 % ~11s          "
"1",""
"1"," "
"1"," |+++++                                             |"
"1"," "
"1","9 % ~11s          "
"1",""
"1"," "
"1"," |+++++                                             |"
"1"," "
"1","9 % ~11s          "
"1",""
"1"," "
"1"," |+++++                                             |"
"1"," "
"1","9 % ~11s          "
"1",""
"1"," "
"1"," |+++++                                             |"
"1"," "
"1","10% ~11s          "
"1",""
"1"," "
"1"," |+++++                                             |"
"1"," "
"1","10% ~11s          "
"1",""
"1"," "
"1"," |++++++                                            |"
"1"," "
"1","10% ~11s          "
"1",""
"1"," "
"1"," |++++++                                            |"
"1"," "
"1","10% ~11s          "
"1",""
"1"," "
"1"," |++++++                                            |"
"1"," "
"1","11% ~11s          "
"1",""
"1"," "
"1"," |++++++                                            |"
"1"," "
"1","11% ~11s          "
"1",""
"1"," "
"1"," |++++++                                            |"
"1"," "
"1","11% ~11s          "
"1",""
"1"," "
"1"," |++++++                                            |"
"1"," "
"1","11% ~11s          "
"1",""
"1"," "
"1"," |++++++                                            |"
"1"," "
"1","11% ~11s          "
"1",""
"1"," "
"1"," |++++++                                            |"
"1"," "
"1","12% ~11s          "
"1",""
"1"," "
"1"," |++++++                                            |"
"1"," "
"1","12% ~11s          "
"1",""
"1"," "
"1"," |+++++++                                           |"
"1"," "
"1","12% ~11s          "
"1",""
"1"," "
"1"," |+++++++                                           |"
"1"," "
"1","12% ~11s          "
"1",""
"1"," "
"1"," |+++++++                                           |"
"1"," "
"1","13% ~11s          "
"1",""
"1"," "
"1"," |+++++++                                           |"
"1"," "
"1","13% ~11s          "
"1",""
"1"," "
"1"," |+++++++                                           |"
"1"," "
"1","13% ~11s          "
"1",""
"1"," "
"1"," |+++++++                                           |"
"1"," "
"1","13% ~11s          "
"1",""
"1"," "
"1"," |+++++++                                           |"
"1"," "
"1","14% ~11s          "
"1",""
"1"," "
"1"," |+++++++                                           |"
"1"," "
"1","14% ~11s          "
"1",""
"1"," "
"1"," |++++++++                                          |"
"1"," "
"1","14% ~11s          "
"1",""
"1"," "
"1"," |++++++++                                          |"
"1"," "
"1","14% ~11s          "
"1",""
"1"," "
"1"," |++++++++                                          |"
"1"," "
"1","15% ~11s          "
"1",""
"1"," "
"1"," |++++++++                                          |"
"1"," "
"1","15% ~11s          "
"1",""
"1"," "
"1"," |++++++++                                          |"
"1"," "
"1","15% ~11s          "
"1",""
"1"," "
"1"," |++++++++                                          |"
"1"," "
"1","15% ~10s          "
"1",""
"1"," "
"1"," |++++++++                                          |"
"1"," "
"1","16% ~11s          "
"1",""
"1"," "
"1"," |++++++++                                          |"
"1"," "
"1","16% ~11s          "
"1",""
"1"," "
"1"," |+++++++++                                         |"
"1"," "
"1","16% ~10s          "
"1",""
"1"," "
"1"," |+++++++++                                         |"
"1"," "
"1","16% ~10s          "
"1",""
"1"," "
"1"," |+++++++++                                         |"
"1"," "
"1","17% ~10s          "
"1",""
"1"," "
"1"," |+++++++++                                         |"
"1"," "
"1","17% ~10s          "
"1",""
"1"," "
"1"," |+++++++++                                         |"
"1"," "
"1","17% ~10s          "
"1",""
"1"," "
"1"," |+++++++++                                         |"
"1"," "
"1","17% ~10s          "
"1",""
"1"," "
"1"," |+++++++++                                         |"
"1"," "
"1","17% ~10s          "
"1",""
"1"," "
"1"," |+++++++++                                         |"
"1"," "
"1","18% ~10s          "
"1",""
"1"," "
"1"," |+++++++++                                         |"
"1"," "
"1","18% ~10s          "
"1",""
"1"," "
"1"," |++++++++++                                        |"
"1"," "
"1","18% ~10s          "
"1",""
"1"," "
"1"," |++++++++++                                        |"
"1"," "
"1","18% ~10s          "
"1",""
"1"," "
"1"," |++++++++++                                        |"
"1"," "
"1","19% ~10s          "
"1",""
"1"," "
"1"," |++++++++++                                        |"
"1"," "
"1","19% ~10s          "
"1",""
"1"," "
"1"," |++++++++++                                        |"
"1"," "
"1","19% ~10s          "
"1",""
"1"," "
"1"," |++++++++++                                        |"
"1"," "
"1","19% ~10s          "
"1",""
"1"," "
"1"," |++++++++++                                        |"
"1"," "
"1","20% ~10s          "
"1",""
"1"," "
"1"," |++++++++++                                        |"
"1"," "
"1","20% ~10s          "
"1",""
"1"," "
"1"," |+++++++++++                                       |"
"1"," "
"1","20% ~10s          "
"1",""
"1"," "
"1"," |+++++++++++                                       |"
"1"," "
"1","20% ~10s          "
"1",""
"1"," "
"1"," |+++++++++++                                       |"
"1"," "
"1","21% ~10s          "
"1",""
"1"," "
"1"," |+++++++++++                                       |"
"1"," "
"1","21% ~10s          "
"1",""
"1"," "
"1"," |+++++++++++                                       |"
"1"," "
"1","21% ~10s          "
"1",""
"1"," "
"1"," |+++++++++++                                       |"
"1"," "
"1","21% ~10s          "
"1",""
"1"," "
"1"," |+++++++++++                                       |"
"1"," "
"1","22% ~10s          "
"1",""
"1"," "
"1"," |+++++++++++                                       |"
"1"," "
"1","22% ~10s          "
"1",""
"1"," "
"1"," |++++++++++++                                      |"
"1"," "
"1","22% ~09s          "
"1",""
"1"," "
"1"," |++++++++++++                                      |"
"1"," "
"1","22% ~09s          "
"1",""
"1"," "
"1"," |++++++++++++                                      |"
"1"," "
"1","22% ~09s          "
"1",""
"1"," "
"1"," |++++++++++++                                      |"
"1"," "
"1","23% ~09s          "
"1",""
"1"," "
"1"," |++++++++++++                                      |"
"1"," "
"1","23% ~09s          "
"1",""
"1"," "
"1"," |++++++++++++                                      |"
"1"," "
"1","23% ~09s          "
"1",""
"1"," "
"1"," |++++++++++++                                      |"
"1"," "
"1","23% ~09s          "
"1",""
"1"," "
"1"," |++++++++++++                                      |"
"1"," "
"1","24% ~09s          "
"1",""
"1"," "
"1"," |++++++++++++                                      |"
"1"," "
"1","24% ~09s          "
"1",""
"1"," "
"1"," |+++++++++++++                                     |"
"1"," "
"1","24% ~09s          "
"1",""
"1"," "
"1"," |+++++++++++++                                     |"
"1"," "
"1","24% ~09s          "
"1",""
"1"," "
"1"," |+++++++++++++                                     |"
"1"," "
"1","25% ~09s          "
"1",""
"1"," "
"1"," |+++++++++++++                                     |"
"1"," "
"1","25% ~09s          "
"1",""
"1"," "
"1"," |+++++++++++++                                     |"
"1"," "
"1","25% ~09s          "
"1",""
"1"," "
"1"," |+++++++++++++                                     |"
"1"," "
"1","25% ~09s          "
"1",""
"1"," "
"1"," |+++++++++++++                                     |"
"1"," "
"1","26% ~09s          "
"1",""
"1"," "
"1"," |+++++++++++++                                     |"
"1"," "
"1","26% ~09s          "
"1",""
"1"," "
"1"," |++++++++++++++                                    |"
"1"," "
"1","26% ~09s          "
"1",""
"1"," "
"1"," |++++++++++++++                                    |"
"1"," "
"1","26% ~09s          "
"1",""
"1"," "
"1"," |++++++++++++++                                    |"
"1"," "
"1","27% ~09s          "
"1",""
"1"," "
"1"," |++++++++++++++                                    |"
"1"," "
"1","27% ~09s          "
"1",""
"1"," "
"1"," |++++++++++++++                                    |"
"1"," "
"1","27% ~09s          "
"1",""
"1"," "
"1"," |++++++++++++++                                    |"
"1"," "
"1","27% ~09s          "
"1",""
"1"," "
"1"," |++++++++++++++                                    |"
"1"," "
"1","28% ~09s          "
"1",""
"1"," "
"1"," |++++++++++++++                                    |"
"1"," "
"1","28% ~09s          "
"1",""
"1"," "
"1"," |++++++++++++++                                    |"
"1"," "
"1","28% ~09s          "
"1",""
"1"," "
"1"," |+++++++++++++++                                   |"
"1"," "
"1","28% ~09s          "
"1",""
"1"," "
"1"," |+++++++++++++++                                   |"
"1"," "
"1","28% ~09s          "
"1",""
"1"," "
"1"," |+++++++++++++++                                   |"
"1"," "
"1","29% ~09s          "
"1",""
"1"," "
"1"," |+++++++++++++++                                   |"
"1"," "
"1","29% ~09s          "
"1",""
"1"," "
"1"," |+++++++++++++++                                   |"
"1"," "
"1","29% ~09s          "
"1",""
"1"," "
"1"," |+++++++++++++++                                   |"
"1"," "
"1","29% ~09s          "
"1",""
"1"," "
"1"," |+++++++++++++++                                   |"
"1"," "
"1","30% ~09s          "
"1",""
"1"," "
"1"," |+++++++++++++++                                   |"
"1"," "
"1","30% ~09s          "
"1",""
"1"," "
"1"," |++++++++++++++++                                  |"
"1"," "
"1","30% ~08s          "
"1",""
"1"," "
"1"," |++++++++++++++++                                  |"
"1"," "
"1","30% ~08s          "
"1",""
"1"," "
"1"," |++++++++++++++++                                  |"
"1"," "
"1","31% ~08s          "
"1",""
"1"," "
"1"," |++++++++++++++++                                  |"
"1"," "
"1","31% ~08s          "
"1",""
"1"," "
"1"," |++++++++++++++++                                  |"
"1"," "
"1","31% ~08s          "
"1",""
"1"," "
"1"," |++++++++++++++++                                  |"
"1"," "
"1","31% ~08s          "
"1",""
"1"," "
"1"," |++++++++++++++++                                  |"
"1"," "
"1","32% ~08s          "
"1",""
"1"," "
"1"," |++++++++++++++++                                  |"
"1"," "
"1","32% ~08s          "
"1",""
"1"," "
"1"," |+++++++++++++++++                                 |"
"1"," "
"1","32% ~08s          "
"1",""
"1"," "
"1"," |+++++++++++++++++                                 |"
"1"," "
"1","32% ~08s          "
"1",""
"1"," "
"1"," |+++++++++++++++++                                 |"
"1"," "
"1","33% ~08s          "
"1",""
"1"," "
"1"," |+++++++++++++++++                                 |"
"1"," "
"1","33% ~08s          "
"1",""
"1"," "
"1"," |+++++++++++++++++                                 |"
"1"," "
"1","33% ~08s          "
"1",""
"1"," "
"1"," |+++++++++++++++++                                 |"
"1"," "
"1","33% ~08s          "
"1",""
"1"," "
"1"," |+++++++++++++++++                                 |"
"1"," "
"1","33% ~08s          "
"1",""
"1"," "
"1"," |+++++++++++++++++                                 |"
"1"," "
"1","34% ~08s          "
"1",""
"1"," "
"1"," |+++++++++++++++++                                 |"
"1"," "
"1","34% ~08s          "
"1",""
"1"," "
"1"," |++++++++++++++++++                                |"
"1"," "
"1","34% ~08s          "
"1",""
"1"," "
"1"," |++++++++++++++++++                                |"
"1"," "
"1","34% ~08s          "
"1",""
"1"," "
"1"," |++++++++++++++++++                                |"
"1"," "
"1","35% ~08s          "
"1",""
"1"," "
"1"," |++++++++++++++++++                                |"
"1"," "
"1","35% ~08s          "
"1",""
"1"," "
"1"," |++++++++++++++++++                                |"
"1"," "
"1","35% ~08s          "
"1",""
"1"," "
"1"," |++++++++++++++++++                                |"
"1"," "
"1","35% ~08s          "
"1",""
"1"," "
"1"," |++++++++++++++++++                                |"
"1"," "
"1","36% ~08s          "
"1",""
"1"," "
"1"," |++++++++++++++++++                                |"
"1"," "
"1","36% ~08s          "
"1",""
"1"," "
"1"," |+++++++++++++++++++                               |"
"1"," "
"1","36% ~08s          "
"1",""
"1"," "
"1"," |+++++++++++++++++++                               |"
"1"," "
"1","36% ~08s          "
"1",""
"1"," "
"1"," |+++++++++++++++++++                               |"
"1"," "
"1","37% ~08s          "
"1",""
"1"," "
"1"," |+++++++++++++++++++                               |"
"1"," "
"1","37% ~08s          "
"1",""
"1"," "
"1"," |+++++++++++++++++++                               |"
"1"," "
"1","37% ~08s          "
"1",""
"1"," "
"1"," |+++++++++++++++++++                               |"
"1"," "
"1","37% ~08s          "
"1",""
"1"," "
"1"," |+++++++++++++++++++                               |"
"1"," "
"1","38% ~08s          "
"1",""
"1"," "
"1"," |+++++++++++++++++++                               |"
"1"," "
"1","38% ~08s          "
"1",""
"1"," "
"1"," |++++++++++++++++++++                              |"
"1"," "
"1","38% ~08s          "
"1",""
"1"," "
"1"," |++++++++++++++++++++                              |"
"1"," "
"1","38% ~07s          "
"1",""
"1"," "
"1"," |++++++++++++++++++++                              |"
"1"," "
"1","39% ~07s          "
"1",""
"1"," "
"1"," |++++++++++++++++++++                              |"
"1"," "
"1","39% ~07s          "
"1",""
"1"," "
"1"," |++++++++++++++++++++                              |"
"1"," "
"1","39% ~07s          "
"1",""
"1"," "
"1"," |++++++++++++++++++++                              |"
"1"," "
"1","39% ~07s          "
"1",""
"1"," "
"1"," |++++++++++++++++++++                              |"
"1"," "
"1","39% ~07s          "
"1",""
"1"," "
"1"," |++++++++++++++++++++                              |"
"1"," "
"1","40% ~07s          "
"1",""
"1"," "
"1"," |++++++++++++++++++++                              |"
"1"," "
"1","40% ~07s          "
"1",""
"1"," "
"1"," |+++++++++++++++++++++                             |"
"1"," "
"1","40% ~07s          "
"1",""
"1"," "
"1"," |+++++++++++++++++++++                             |"
"1"," "
"1","40% ~07s          "
"1",""
"1"," "
"1"," |+++++++++++++++++++++                             |"
"1"," "
"1","41% ~07s          "
"1",""
"1"," "
"1"," |+++++++++++++++++++++                             |"
"1"," "
"1","41% ~07s          "
"1",""
"1"," "
"1"," |+++++++++++++++++++++                             |"
"1"," "
"1","41% ~07s          "
"1",""
"1"," "
"1"," |+++++++++++++++++++++                             |"
"1"," "
"1","41% ~07s          "
"1",""
"1"," "
"1"," |+++++++++++++++++++++                             |"
"1"," "
"1","42% ~07s          "
"1",""
"1"," "
"1"," |+++++++++++++++++++++                             |"
"1"," "
"1","42% ~07s          "
"1",""
"1"," "
"1"," |++++++++++++++++++++++                            |"
"1"," "
"1","42% ~07s          "
"1",""
"1"," "
"1"," |++++++++++++++++++++++                            |"
"1"," "
"1","42% ~07s          "
"1",""
"1"," "
"1"," |++++++++++++++++++++++                            |"
"1"," "
"1","43% ~07s          "
"1",""
"1"," "
"1"," |++++++++++++++++++++++                            |"
"1"," "
"1","43% ~07s          "
"1",""
"1"," "
"1"," |++++++++++++++++++++++                            |"
"1"," "
"1","43% ~07s          "
"1",""
"1"," "
"1"," |++++++++++++++++++++++                            |"
"1"," "
"1","43% ~07s          "
"1",""
"1"," "
"1"," |++++++++++++++++++++++                            |"
"1"," "
"1","44% ~07s          "
"1",""
"1"," "
"1"," |++++++++++++++++++++++                            |"
"1"," "
"1","44% ~07s          "
"1",""
"1"," "
"1"," |+++++++++++++++++++++++                           |"
"1"," "
"1","44% ~07s          "
"1",""
"1"," "
"1"," |+++++++++++++++++++++++                           |"
"1"," "
"1","44% ~07s          "
"1",""
"1"," "
"1"," |+++++++++++++++++++++++                           |"
"1"," "
"1","44% ~07s          "
"1",""
"1"," "
"1"," |+++++++++++++++++++++++                           |"
"1"," "
"1","45% ~07s          "
"1",""
"1"," "
"1"," |+++++++++++++++++++++++                           |"
"1"," "
"1","45% ~07s          "
"1",""
"1"," "
"1"," |+++++++++++++++++++++++                           |"
"1"," "
"1","45% ~07s          "
"1",""
"1"," "
"1"," |+++++++++++++++++++++++                           |"
"1"," "
"1","45% ~07s          "
"1",""
"1"," "
"1"," |+++++++++++++++++++++++                           |"
"1"," "
"1","46% ~06s          "
"1",""
"1"," "
"1"," |+++++++++++++++++++++++                           |"
"1"," "
"1","46% ~06s          "
"1",""
"1"," "
"1"," |++++++++++++++++++++++++                          |"
"1"," "
"1","46% ~06s          "
"1",""
"1"," "
"1"," |++++++++++++++++++++++++                          |"
"1"," "
"1","46% ~06s          "
"1",""
"1"," "
"1"," |++++++++++++++++++++++++                          |"
"1"," "
"1","47% ~06s          "
"1",""
"1"," "
"1"," |++++++++++++++++++++++++                          |"
"1"," "
"1","47% ~06s          "
"1",""
"1"," "
"1"," |++++++++++++++++++++++++                          |"
"1"," "
"1","47% ~06s          "
"1",""
"1"," "
"1"," |++++++++++++++++++++++++                          |"
"1"," "
"1","47% ~06s          "
"1",""
"1"," "
"1"," |++++++++++++++++++++++++                          |"
"1"," "
"1","48% ~06s          "
"1",""
"1"," "
"1"," |++++++++++++++++++++++++                          |"
"1"," "
"1","48% ~06s          "
"1",""
"1"," "
"1"," |+++++++++++++++++++++++++                         |"
"1"," "
"1","48% ~06s          "
"1",""
"1"," "
"1"," |+++++++++++++++++++++++++                         |"
"1"," "
"1","48% ~06s          "
"1",""
"1"," "
"1"," |+++++++++++++++++++++++++                         |"
"1"," "
"1","49% ~06s          "
"1",""
"1"," "
"1"," |+++++++++++++++++++++++++                         |"
"1"," "
"1","49% ~06s          "
"1",""
"1"," "
"1"," |+++++++++++++++++++++++++                         |"
"1"," "
"1","49% ~06s          "
"1",""
"1"," "
"1"," |+++++++++++++++++++++++++                         |"
"1"," "
"1","49% ~06s          "
"1",""
"1"," "
"1"," |+++++++++++++++++++++++++                         |"
"1"," "
"1","50% ~06s          "
"1",""
"1"," "
"1"," |+++++++++++++++++++++++++                         |"
"1"," "
"1","50% ~06s          "
"1",""
"1"," "
"1"," |+++++++++++++++++++++++++                         |"
"1"," "
"1","50% ~06s          "
"1",""
"1"," "
"1"," |++++++++++++++++++++++++++                        |"
"1"," "
"1","50% ~06s          "
"1",""
"1"," "
"1"," |++++++++++++++++++++++++++                        |"
"1"," "
"1","50% ~06s          "
"1",""
"1"," "
"1"," |++++++++++++++++++++++++++                        |"
"1"," "
"1","51% ~06s          "
"1",""
"1"," "
"1"," |++++++++++++++++++++++++++                        |"
"1"," "
"1","51% ~06s          "
"1",""
"1"," "
"1"," |++++++++++++++++++++++++++                        |"
"1"," "
"1","51% ~06s          "
"1",""
"1"," "
"1"," |++++++++++++++++++++++++++                        |"
"1"," "
"1","51% ~06s          "
"1",""
"1"," "
"1"," |++++++++++++++++++++++++++                        |"
"1"," "
"1","52% ~06s          "
"1",""
"1"," "
"1"," |++++++++++++++++++++++++++                        |"
"1"," "
"1","52% ~06s          "
"1",""
"1"," "
"1"," |+++++++++++++++++++++++++++                       |"
"1"," "
"1","52% ~06s          "
"1",""
"1"," "
"1"," |+++++++++++++++++++++++++++                       |"
"1"," "
"1","52% ~06s          "
"1",""
"1"," "
"1"," |+++++++++++++++++++++++++++                       |"
"1"," "
"1","53% ~06s          "
"1",""
"1"," "
"1"," |+++++++++++++++++++++++++++                       |"
"1"," "
"1","53% ~06s          "
"1",""
"1"," "
"1"," |+++++++++++++++++++++++++++                       |"
"1"," "
"1","53% ~06s          "
"1",""
"1"," "
"1"," |+++++++++++++++++++++++++++                       |"
"1"," "
"1","53% ~06s          "
"1",""
"1"," "
"1"," |+++++++++++++++++++++++++++                       |"
"1"," "
"1","54% ~06s          "
"1",""
"1"," "
"1"," |+++++++++++++++++++++++++++                       |"
"1"," "
"1","54% ~05s          "
"1",""
"1"," "
"1"," |++++++++++++++++++++++++++++                      |"
"1"," "
"1","54% ~05s          "
"1",""
"1"," "
"1"," |++++++++++++++++++++++++++++                      |"
"1"," "
"1","54% ~05s          "
"1",""
"1"," "
"1"," |++++++++++++++++++++++++++++                      |"
"1"," "
"1","55% ~05s          "
"1",""
"1"," "
"1"," |++++++++++++++++++++++++++++                      |"
"1"," "
"1","55% ~05s          "
"1",""
"1"," "
"1"," |++++++++++++++++++++++++++++                      |"
"1"," "
"1","55% ~05s          "
"1",""
"1"," "
"1"," |++++++++++++++++++++++++++++                      |"
"1"," "
"1","55% ~05s          "
"1",""
"1"," "
"1"," |++++++++++++++++++++++++++++                      |"
"1"," "
"1","56% ~05s          "
"1",""
"1"," "
"1"," |++++++++++++++++++++++++++++                      |"
"1"," "
"1","56% ~05s          "
"1",""
"1"," "
"1"," |++++++++++++++++++++++++++++                      |"
"1"," "
"1","56% ~05s          "
"1",""
"1"," "
"1"," |+++++++++++++++++++++++++++++                     |"
"1"," "
"1","56% ~05s          "
"1",""
"1"," "
"1"," |+++++++++++++++++++++++++++++                     |"
"1"," "
"1","56% ~05s          "
"1",""
"1"," "
"1"," |+++++++++++++++++++++++++++++                     |"
"1"," "
"1","57% ~05s          "
"1",""
"1"," "
"1"," |+++++++++++++++++++++++++++++                     |"
"1"," "
"1","57% ~05s          "
"1",""
"1"," "
"1"," |+++++++++++++++++++++++++++++                     |"
"1"," "
"1","57% ~05s          "
"1",""
"1"," "
"1"," |+++++++++++++++++++++++++++++                     |"
"1"," "
"1","57% ~05s          "
"1",""
"1"," "
"1"," |+++++++++++++++++++++++++++++                     |"
"1"," "
"1","58% ~05s          "
"1",""
"1"," "
"1"," |+++++++++++++++++++++++++++++                     |"
"1"," "
"1","58% ~05s          "
"1",""
"1"," "
"1"," |++++++++++++++++++++++++++++++                    |"
"1"," "
"1","58% ~05s          "
"1",""
"1"," "
"1"," |++++++++++++++++++++++++++++++                    |"
"1"," "
"1","58% ~05s          "
"1",""
"1"," "
"1"," |++++++++++++++++++++++++++++++                    |"
"1"," "
"1","59% ~05s          "
"1",""
"1"," "
"1"," |++++++++++++++++++++++++++++++                    |"
"1"," "
"1","59% ~05s          "
"1",""
"1"," "
"1"," |++++++++++++++++++++++++++++++                    |"
"1"," "
"1","59% ~05s          "
"1",""
"1"," "
"1"," |++++++++++++++++++++++++++++++                    |"
"1"," "
"1","59% ~05s          "
"1",""
"1"," "
"1"," |++++++++++++++++++++++++++++++                    |"
"1"," "
"1","60% ~05s          "
"1",""
"1"," "
"1"," |++++++++++++++++++++++++++++++                    |"
"1"," "
"1","60% ~05s          "
"1",""
"1"," "
"1"," |+++++++++++++++++++++++++++++++                   |"
"1"," "
"1","60% ~05s          "
"1",""
"1"," "
"1"," |+++++++++++++++++++++++++++++++                   |"
"1"," "
"1","60% ~05s          "
"1",""
"1"," "
"1"," |+++++++++++++++++++++++++++++++                   |"
"1"," "
"1","61% ~05s          "
"1",""
"1"," "
"1"," |+++++++++++++++++++++++++++++++                   |"
"1"," "
"1","61% ~05s          "
"1",""
"1"," "
"1"," |+++++++++++++++++++++++++++++++                   |"
"1"," "
"1","61% ~05s          "
"1",""
"1"," "
"1"," |+++++++++++++++++++++++++++++++                   |"
"1"," "
"1","61% ~05s          "
"1",""
"1"," "
"1"," |+++++++++++++++++++++++++++++++                   |"
"1"," "
"1","61% ~05s          "
"1",""
"1"," "
"1"," |+++++++++++++++++++++++++++++++                   |"
"1"," "
"1","62% ~05s          "
"1",""
"1"," "
"1"," |+++++++++++++++++++++++++++++++                   |"
"1"," "
"1","62% ~04s          "
"1",""
"1"," "
"1"," |++++++++++++++++++++++++++++++++                  |"
"1"," "
"1","62% ~04s          "
"1",""
"1"," "
"1"," |++++++++++++++++++++++++++++++++                  |"
"1"," "
"1","62% ~04s          "
"1",""
"1"," "
"1"," |++++++++++++++++++++++++++++++++                  |"
"1"," "
"1","63% ~04s          "
"1",""
"1"," "
"1"," |++++++++++++++++++++++++++++++++                  |"
"1"," "
"1","63% ~04s          "
"1",""
"1"," "
"1"," |++++++++++++++++++++++++++++++++                  |"
"1"," "
"1","63% ~04s          "
"1",""
"1"," "
"1"," |++++++++++++++++++++++++++++++++                  |"
"1"," "
"1","63% ~04s          "
"1",""
"1"," "
"1"," |++++++++++++++++++++++++++++++++                  |"
"1"," "
"1","64% ~04s          "
"1",""
"1"," "
"1"," |++++++++++++++++++++++++++++++++                  |"
"1"," "
"1","64% ~04s          "
"1",""
"1"," "
"1"," |+++++++++++++++++++++++++++++++++                 |"
"1"," "
"1","64% ~04s          "
"1",""
"1"," "
"1"," |+++++++++++++++++++++++++++++++++                 |"
"1"," "
"1","64% ~04s          "
"1",""
"1"," "
"1"," |+++++++++++++++++++++++++++++++++                 |"
"1"," "
"1","65% ~04s          "
"1",""
"1"," "
"1"," |+++++++++++++++++++++++++++++++++                 |"
"1"," "
"1","65% ~04s          "
"1",""
"1"," "
"1"," |+++++++++++++++++++++++++++++++++                 |"
"1"," "
"1","65% ~04s          "
"1",""
"1"," "
"1"," |+++++++++++++++++++++++++++++++++                 |"
"1"," "
"1","65% ~04s          "
"1",""
"1"," "
"1"," |+++++++++++++++++++++++++++++++++                 |"
"1"," "
"1","66% ~04s          "
"1",""
"1"," "
"1"," |+++++++++++++++++++++++++++++++++                 |"
"1"," "
"1","66% ~04s          "
"1",""
"1"," "
"1"," |++++++++++++++++++++++++++++++++++                |"
"1"," "
"1","66% ~04s          "
"1",""
"1"," "
"1"," |++++++++++++++++++++++++++++++++++                |"
"1"," "
"1","66% ~04s          "
"1",""
"1"," "
"1"," |++++++++++++++++++++++++++++++++++                |"
"1"," "
"1","67% ~04s          "
"1",""
"1"," "
"1"," |++++++++++++++++++++++++++++++++++                |"
"1"," "
"1","67% ~04s          "
"1",""
"1"," "
"1"," |++++++++++++++++++++++++++++++++++                |"
"1"," "
"1","67% ~04s          "
"1",""
"1"," "
"1"," |++++++++++++++++++++++++++++++++++                |"
"1"," "
"1","67% ~04s          "
"1",""
"1"," "
"1"," |++++++++++++++++++++++++++++++++++                |"
"1"," "
"1","67% ~04s          "
"1",""
"1"," "
"1"," |++++++++++++++++++++++++++++++++++                |"
"1"," "
"1","68% ~04s          "
"1",""
"1"," "
"1"," |++++++++++++++++++++++++++++++++++                |"
"1"," "
"1","68% ~04s          "
"1",""
"1"," "
"1"," |+++++++++++++++++++++++++++++++++++               |"
"1"," "
"1","68% ~04s          "
"1",""
"1"," "
"1"," |+++++++++++++++++++++++++++++++++++               |"
"1"," "
"1","68% ~04s          "
"1",""
"1"," "
"1"," |+++++++++++++++++++++++++++++++++++               |"
"1"," "
"1","69% ~04s          "
"1",""
"1"," "
"1"," |+++++++++++++++++++++++++++++++++++               |"
"1"," "
"1","69% ~04s          "
"1",""
"1"," "
"1"," |+++++++++++++++++++++++++++++++++++               |"
"1"," "
"1","69% ~04s          "
"1",""
"1"," "
"1"," |+++++++++++++++++++++++++++++++++++               |"
"1"," "
"1","69% ~04s          "
"1",""
"1"," "
"1"," |+++++++++++++++++++++++++++++++++++               |"
"1"," "
"1","70% ~04s          "
"1",""
"1"," "
"1"," |+++++++++++++++++++++++++++++++++++               |"
"1"," "
"1","70% ~04s          "
"1",""
"1"," "
"1"," |++++++++++++++++++++++++++++++++++++              |"
"1"," "
"1","70% ~04s          "
"1",""
"1"," "
"1"," |++++++++++++++++++++++++++++++++++++              |"
"1"," "
"1","70% ~03s          "
"1",""
"1"," "
"1"," |++++++++++++++++++++++++++++++++++++              |"
"1"," "
"1","71% ~03s          "
"1",""
"1"," "
"1"," |++++++++++++++++++++++++++++++++++++              |"
"1"," "
"1","71% ~03s          "
"1",""
"1"," "
"1"," |++++++++++++++++++++++++++++++++++++              |"
"1"," "
"1","71% ~03s          "
"1",""
"1"," "
"1"," |++++++++++++++++++++++++++++++++++++              |"
"1"," "
"1","71% ~03s          "
"1",""
"1"," "
"1"," |++++++++++++++++++++++++++++++++++++              |"
"1"," "
"1","72% ~03s          "
"1",""
"1"," "
"1"," |++++++++++++++++++++++++++++++++++++              |"
"1"," "
"1","72% ~03s          "
"1",""
"1"," "
"1"," |+++++++++++++++++++++++++++++++++++++             |"
"1"," "
"1","72% ~03s          "
"1",""
"1"," "
"1"," |+++++++++++++++++++++++++++++++++++++             |"
"1"," "
"1","72% ~03s          "
"1",""
"1"," "
"1"," |+++++++++++++++++++++++++++++++++++++             |"
"1"," "
"1","72% ~03s          "
"1",""
"1"," "
"1"," |+++++++++++++++++++++++++++++++++++++             |"
"1"," "
"1","73% ~03s          "
"1",""
"1"," "
"1"," |+++++++++++++++++++++++++++++++++++++             |"
"1"," "
"1","73% ~03s          "
"1",""
"1"," "
"1"," |+++++++++++++++++++++++++++++++++++++             |"
"1"," "
"1","73% ~03s          "
"1",""
"1"," "
"1"," |+++++++++++++++++++++++++++++++++++++             |"
"1"," "
"1","73% ~03s          "
"1",""
"1"," "
"1"," |+++++++++++++++++++++++++++++++++++++             |"
"1"," "
"1","74% ~03s          "
"1",""
"1"," "
"1"," |+++++++++++++++++++++++++++++++++++++             |"
"1"," "
"1","74% ~03s          "
"1",""
"1"," "
"1"," |++++++++++++++++++++++++++++++++++++++            |"
"1"," "
"1","74% ~03s          "
"1",""
"1"," "
"1"," |++++++++++++++++++++++++++++++++++++++            |"
"1"," "
"1","74% ~03s          "
"1",""
"1"," "
"1"," |++++++++++++++++++++++++++++++++++++++            |"
"1"," "
"1","75% ~03s          "
"1",""
"1"," "
"1"," |++++++++++++++++++++++++++++++++++++++            |"
"1"," "
"1","75% ~03s          "
"1",""
"1"," "
"1"," |++++++++++++++++++++++++++++++++++++++            |"
"1"," "
"1","75% ~03s          "
"1",""
"1"," "
"1"," |++++++++++++++++++++++++++++++++++++++            |"
"1"," "
"1","75% ~03s          "
"1",""
"1"," "
"1"," |++++++++++++++++++++++++++++++++++++++            |"
"1"," "
"1","76% ~03s          "
"1",""
"1"," "
"1"," |++++++++++++++++++++++++++++++++++++++            |"
"1"," "
"1","76% ~03s          "
"1",""
"1"," "
"1"," |+++++++++++++++++++++++++++++++++++++++           |"
"1"," "
"1","76% ~03s          "
"1",""
"1"," "
"1"," |+++++++++++++++++++++++++++++++++++++++           |"
"1"," "
"1","76% ~03s          "
"1",""
"1"," "
"1"," |+++++++++++++++++++++++++++++++++++++++           |"
"1"," "
"1","77% ~03s          "
"1",""
"1"," "
"1"," |+++++++++++++++++++++++++++++++++++++++           |"
"1"," "
"1","77% ~03s          "
"1",""
"1"," "
"1"," |+++++++++++++++++++++++++++++++++++++++           |"
"1"," "
"1","77% ~03s          "
"1",""
"1"," "
"1"," |+++++++++++++++++++++++++++++++++++++++           |"
"1"," "
"1","77% ~03s          "
"1",""
"1"," "
"1"," |+++++++++++++++++++++++++++++++++++++++           |"
"1"," "
"1","78% ~03s          "
"1",""
"1"," "
"1"," |+++++++++++++++++++++++++++++++++++++++           |"
"1"," "
"1","78% ~03s          "
"1",""
"1"," "
"1"," |+++++++++++++++++++++++++++++++++++++++           |"
"1"," "
"1","78% ~03s          "
"1",""
"1"," "
"1"," |++++++++++++++++++++++++++++++++++++++++          |"
"1"," "
"1","78% ~03s          "
"1",""
"1"," "
"1"," |++++++++++++++++++++++++++++++++++++++++          |"
"1"," "
"1","78% ~03s          "
"1",""
"1"," "
"1"," |++++++++++++++++++++++++++++++++++++++++          |"
"1"," "
"1","79% ~03s          "
"1",""
"1"," "
"1"," |++++++++++++++++++++++++++++++++++++++++          |"
"1"," "
"1","79% ~03s          "
"1",""
"1"," "
"1"," |++++++++++++++++++++++++++++++++++++++++          |"
"1"," "
"1","79% ~02s          "
"1",""
"1"," "
"1"," |++++++++++++++++++++++++++++++++++++++++          |"
"1"," "
"1","79% ~02s          "
"1",""
"1"," "
"1"," |++++++++++++++++++++++++++++++++++++++++          |"
"1"," "
"1","80% ~02s          "
"1",""
"1"," "
"1"," |++++++++++++++++++++++++++++++++++++++++          |"
"1"," "
"1","80% ~02s          "
"1",""
"1"," "
"1"," |+++++++++++++++++++++++++++++++++++++++++         |"
"1"," "
"1","80% ~02s          "
"1",""
"1"," "
"1"," |+++++++++++++++++++++++++++++++++++++++++         |"
"1"," "
"1","80% ~02s          "
"1",""
"1"," "
"1"," |+++++++++++++++++++++++++++++++++++++++++         |"
"1"," "
"1","81% ~02s          "
"1",""
"1"," "
"1"," |+++++++++++++++++++++++++++++++++++++++++         |"
"1"," "
"1","81% ~02s          "
"1",""
"1"," "
"1"," |+++++++++++++++++++++++++++++++++++++++++         |"
"1"," "
"1","81% ~02s          "
"1",""
"1"," "
"1"," |+++++++++++++++++++++++++++++++++++++++++         |"
"1"," "
"1","81% ~02s          "
"1",""
"1"," "
"1"," |+++++++++++++++++++++++++++++++++++++++++         |"
"1"," "
"1","82% ~02s          "
"1",""
"1"," "
"1"," |+++++++++++++++++++++++++++++++++++++++++         |"
"1"," "
"1","82% ~02s          "
"1",""
"1"," "
"1"," |++++++++++++++++++++++++++++++++++++++++++        |"
"1"," "
"1","82% ~02s          "
"1",""
"1"," "
"1"," |++++++++++++++++++++++++++++++++++++++++++        |"
"1"," "
"1","82% ~02s          "
"1",""
"1"," "
"1"," |++++++++++++++++++++++++++++++++++++++++++        |"
"1"," "
"1","83% ~02s          "
"1",""
"1"," "
"1"," |++++++++++++++++++++++++++++++++++++++++++        |"
"1"," "
"1","83% ~02s          "
"1",""
"1"," "
"1"," |++++++++++++++++++++++++++++++++++++++++++        |"
"1"," "
"1","83% ~02s          "
"1",""
"1"," "
"1"," |++++++++++++++++++++++++++++++++++++++++++        |"
"1"," "
"1","83% ~02s          "
"1",""
"1"," "
"1"," |++++++++++++++++++++++++++++++++++++++++++        |"
"1"," "
"1","83% ~02s          "
"1",""
"1"," "
"1"," |++++++++++++++++++++++++++++++++++++++++++        |"
"1"," "
"1","84% ~02s          "
"1",""
"1"," "
"1"," |++++++++++++++++++++++++++++++++++++++++++        |"
"1"," "
"1","84% ~02s          "
"1",""
"1"," "
"1"," |+++++++++++++++++++++++++++++++++++++++++++       |"
"1"," "
"1","84% ~02s          "
"1",""
"1"," "
"1"," |+++++++++++++++++++++++++++++++++++++++++++       |"
"1"," "
"1","84% ~02s          "
"1",""
"1"," "
"1"," |+++++++++++++++++++++++++++++++++++++++++++       |"
"1"," "
"1","85% ~02s          "
"1",""
"1"," "
"1"," |+++++++++++++++++++++++++++++++++++++++++++       |"
"1"," "
"1","85% ~02s          "
"1",""
"1"," "
"1"," |+++++++++++++++++++++++++++++++++++++++++++       |"
"1"," "
"1","85% ~02s          "
"1",""
"1"," "
"1"," |+++++++++++++++++++++++++++++++++++++++++++       |"
"1"," "
"1","85% ~02s          "
"1",""
"1"," "
"1"," |+++++++++++++++++++++++++++++++++++++++++++       |"
"1"," "
"1","86% ~02s          "
"1",""
"1"," "
"1"," |+++++++++++++++++++++++++++++++++++++++++++       |"
"1"," "
"1","86% ~02s          "
"1",""
"1"," "
"1"," |++++++++++++++++++++++++++++++++++++++++++++      |"
"1"," "
"1","86% ~02s          "
"1",""
"1"," "
"1"," |++++++++++++++++++++++++++++++++++++++++++++      |"
"1"," "
"1","86% ~02s          "
"1",""
"1"," "
"1"," |++++++++++++++++++++++++++++++++++++++++++++      |"
"1"," "
"1","87% ~02s          "
"1",""
"1"," "
"1"," |++++++++++++++++++++++++++++++++++++++++++++      |"
"1"," "
"1","87% ~02s          "
"1",""
"1"," "
"1"," |++++++++++++++++++++++++++++++++++++++++++++      |"
"1"," "
"1","87% ~02s          "
"1",""
"1"," "
"1"," |++++++++++++++++++++++++++++++++++++++++++++      |"
"1"," "
"1","87% ~02s          "
"1",""
"1"," "
"1"," |++++++++++++++++++++++++++++++++++++++++++++      |"
"1"," "
"1","88% ~02s          "
"1",""
"1"," "
"1"," |++++++++++++++++++++++++++++++++++++++++++++      |"
"1"," "
"1","88% ~01s          "
"1",""
"1"," "
"1"," |+++++++++++++++++++++++++++++++++++++++++++++     |"
"1"," "
"1","88% ~01s          "
"1",""
"1"," "
"1"," |+++++++++++++++++++++++++++++++++++++++++++++     |"
"1"," "
"1","88% ~01s          "
"1",""
"1"," "
"1"," |+++++++++++++++++++++++++++++++++++++++++++++     |"
"1"," "
"1","89% ~01s          "
"1",""
"1"," "
"1"," |+++++++++++++++++++++++++++++++++++++++++++++     |"
"1"," "
"1","89% ~01s          "
"1",""
"1"," "
"1"," |+++++++++++++++++++++++++++++++++++++++++++++     |"
"1"," "
"1","89% ~01s          "
"1",""
"1"," "
"1"," |+++++++++++++++++++++++++++++++++++++++++++++     |"
"1"," "
"1","89% ~01s          "
"1",""
"1"," "
"1"," |+++++++++++++++++++++++++++++++++++++++++++++     |"
"1"," "
"1","89% ~01s          "
"1",""
"1"," "
"1"," |+++++++++++++++++++++++++++++++++++++++++++++     |"
"1"," "
"1","90% ~01s          "
"1",""
"1"," "
"1"," |+++++++++++++++++++++++++++++++++++++++++++++     |"
"1"," "
"1","90% ~01s          "
"1",""
"1"," "
"1"," |++++++++++++++++++++++++++++++++++++++++++++++    |"
"1"," "
"1","90% ~01s          "
"1",""
"1"," "
"1"," |++++++++++++++++++++++++++++++++++++++++++++++    |"
"1"," "
"1","90% ~01s          "
"1",""
"1"," "
"1"," |++++++++++++++++++++++++++++++++++++++++++++++    |"
"1"," "
"1","91% ~01s          "
"1",""
"1"," "
"1"," |++++++++++++++++++++++++++++++++++++++++++++++    |"
"1"," "
"1","91% ~01s          "
"1",""
"1"," "
"1"," |++++++++++++++++++++++++++++++++++++++++++++++    |"
"1"," "
"1","91% ~01s          "
"1",""
"1"," "
"1"," |++++++++++++++++++++++++++++++++++++++++++++++    |"
"1"," "
"1","91% ~01s          "
"1",""
"1"," "
"1"," |++++++++++++++++++++++++++++++++++++++++++++++    |"
"1"," "
"1","92% ~01s          "
"1",""
"1"," "
"1"," |++++++++++++++++++++++++++++++++++++++++++++++    |"
"1"," "
"1","92% ~01s          "
"1",""
"1"," "
"1"," |+++++++++++++++++++++++++++++++++++++++++++++++   |"
"1"," "
"1","92% ~01s          "
"1",""
"1"," "
"1"," |+++++++++++++++++++++++++++++++++++++++++++++++   |"
"1"," "
"1","92% ~01s          "
"1",""
"1"," "
"1"," |+++++++++++++++++++++++++++++++++++++++++++++++   |"
"1"," "
"1","93% ~01s          "
"1",""
"1"," "
"1"," |+++++++++++++++++++++++++++++++++++++++++++++++   |"
"1"," "
"1","93% ~01s          "
"1",""
"1"," "
"1"," |+++++++++++++++++++++++++++++++++++++++++++++++   |"
"1"," "
"1","93% ~01s          "
"1",""
"1"," "
"1"," |+++++++++++++++++++++++++++++++++++++++++++++++   |"
"1"," "
"1","93% ~01s          "
"1",""
"1"," "
"1"," |+++++++++++++++++++++++++++++++++++++++++++++++   |"
"1"," "
"1","94% ~01s          "
"1",""
"1"," "
"1"," |+++++++++++++++++++++++++++++++++++++++++++++++   |"
"1"," "
"1","94% ~01s          "
"1",""
"1"," "
"1"," |++++++++++++++++++++++++++++++++++++++++++++++++  |"
"1"," "
"1","94% ~01s          "
"1",""
"1"," "
"1"," |++++++++++++++++++++++++++++++++++++++++++++++++  |"
"1"," "
"1","94% ~01s          "
"1",""
"1"," "
"1"," |++++++++++++++++++++++++++++++++++++++++++++++++  |"
"1"," "
"1","94% ~01s          "
"1",""
"1"," "
"1"," |++++++++++++++++++++++++++++++++++++++++++++++++  |"
"1"," "
"1","95% ~01s          "
"1",""
"1"," "
"1"," |++++++++++++++++++++++++++++++++++++++++++++++++  |"
"1"," "
"1","95% ~01s          "
"1",""
"1"," "
"1"," |++++++++++++++++++++++++++++++++++++++++++++++++  |"
"1"," "
"1","95% ~01s          "
"1",""
"1"," "
"1"," |++++++++++++++++++++++++++++++++++++++++++++++++  |"
"1"," "
"1","95% ~01s          "
"1",""
"1"," "
"1"," |++++++++++++++++++++++++++++++++++++++++++++++++  |"
"1"," "
"1","96% ~01s          "
"1",""
"1"," "
"1"," |++++++++++++++++++++++++++++++++++++++++++++++++  |"
"1"," "
"1","96% ~00s          "
"1",""
"1"," "
"1"," |+++++++++++++++++++++++++++++++++++++++++++++++++ |"
"1"," "
"1","96% ~00s          "
"1",""
"1"," "
"1"," |+++++++++++++++++++++++++++++++++++++++++++++++++ |"
"1"," "
"1","96% ~00s          "
"1",""
"1"," "
"1"," |+++++++++++++++++++++++++++++++++++++++++++++++++ |"
"1"," "
"1","97% ~00s          "
"1",""
"1"," "
"1"," |+++++++++++++++++++++++++++++++++++++++++++++++++ |"
"1"," "
"1","97% ~00s          "
"1",""
"1"," "
"1"," |+++++++++++++++++++++++++++++++++++++++++++++++++ |"
"1"," "
"1","97% ~00s          "
"1",""
"1"," "
"1"," |+++++++++++++++++++++++++++++++++++++++++++++++++ |"
"1"," "
"1","97% ~00s          "
"1",""
"1"," "
"1"," |+++++++++++++++++++++++++++++++++++++++++++++++++ |"
"1"," "
"1","98% ~00s          "
"1",""
"1"," "
"1"," |+++++++++++++++++++++++++++++++++++++++++++++++++ |"
"1"," "
"1","98% ~00s          "
"1",""
"1"," "
"1"," |++++++++++++++++++++++++++++++++++++++++++++++++++|"
"1"," "
"1","98% ~00s          "
"1",""
"1"," "
"1"," |++++++++++++++++++++++++++++++++++++++++++++++++++|"
"1"," "
"1","98% ~00s          "
"1",""
"1"," "
"1"," |++++++++++++++++++++++++++++++++++++++++++++++++++|"
"1"," "
"1","99% ~00s          "
"1",""
"1"," "
"1"," |++++++++++++++++++++++++++++++++++++++++++++++++++|"
"1"," "
"1","99% ~00s          "
"1",""
"1"," "
"1"," |++++++++++++++++++++++++++++++++++++++++++++++++++|"
"1"," "
"1","99% ~00s          "
"1",""
"1"," "
"1"," |++++++++++++++++++++++++++++++++++++++++++++++++++|"
"1"," "
"1","99% ~00s          "
"1",""
"1"," "
"1"," |++++++++++++++++++++++++++++++++++++++++++++++++++|"
"1"," "
"1","100% ~00s         "
"1",""
"1"," "
"1"," |++++++++++++++++++++++++++++++++++++++++++++++++++|"
"1"," "
"1","100% ~00s         "
"1",""
"1"," "
"1"," |++++++++++++++++++++++++++++++++++++++++++++++++++|"
"1"," "
"1","100% elapsed=12s  "
"1","
"
"0","# The following factor score estimates failed to converge successfully:   254"
"0","save(file = here(""data/fr_ws_wg_mod_2pl.Rds""), ""mod_2pl"",""fscores_2pl"", ""coefs_2pl"")"
"2","Error in here(""data/fr_ws_wg_mod_2pl.Rds"") : 
  could not find function ""here""
"
